<?xml version="1.0" encoding="UTF-8"?>
<beans xmlns="http://www.springframework.org/schema/beans"
	xmlns:xsi="http://www.w3.org/2001/XMLSchema-instance"
	xmlns:context="http://www.springframework.org/schema/context"
	xmlns:aop="http://www.springframework.org/schema/aop"
	xmlns:tx="http://www.springframework.org/schema/tx"
	xmlns:p="http://www.springframework.org/schema/p"
	xmlns:beans="http://cxf.apache.org/configuration/beans" 
	xmlns:jaxws="http://cxf.apache.org/jaxws"
	xmlns:util="http://www.springframework.org/schema/util"
	xmlns:jpa="http://www.springframework.org/schema/data/jpa"
	xsi:schemaLocation="http://www.springframework.org/schema/beans 
	http://www.springframework.org/schema/beans/spring-beans-3.1.xsd
		http://www.springframework.org/schema/context http://www.springframework.org/schema/context/spring-context-3.1.xsd
		http://www.springframework.org/schema/aop http://www.springframework.org/schema/aop/spring-aop-3.1.xsd
		http://www.springframework.org/schema/tx http://www.springframework.org/schema/tx/spring-tx-3.1.xsd 
		http://cxf.apache.org/configuration/beans 
      	http://cxf.apache.org/schemas/configuration/cxf-beans.xsd   
      	http://cxf.apache.org/jaxws 
      	http://cxf.apache.org/schemas/jaxws.xsd
		http://www.springframework.org/schema/util 
		http://www.springframework.org/schema/util/spring-util-4.1.xsd
		http://www.springframework.org/schema/data/jpa
		http://www.springframework.org/schema/data/jpa/spring-jpa.xsd"
	default-autowire="byName">
	
	<bean id="transactionManager" class="org.springframework.jdbc.datasource.DataSourceTransactionManager">
		<property name="dataSource" ref="dataSource"/>
<!-- 		<property name="globalRollbackOnParticipationFailure" value="false"></property> -->
	</bean>
		 
	<bean id="dataSource" class="org.springframework.jdbc.datasource.DriverManagerDataSource" primary="true">
		<property name="driverClassName" value="org.hsqldb.jdbc.JDBCDriver" />
		<property name="url" value="jdbc:hsqldb:mem:mymemdb" />
		<property name="username" value="SA" />
		<property name="password" value="" />
	</bean>
	
	<context:component-scan base-package="tw.com.softleader" use-default-filters="false">
		<context:include-filter type="annotation" expression="org.springframework.stereotype.Service" />
	</context:component-scan>
	
<!-- 	<tx:annotation-driven/> -->
	
	<aop:config>
    	<aop:advisor order="2" advice-ref="txAdvice" pointcut="execution(* tw.com.softleader..*.*(..))"/>
    	<aop:advisor order="1" advice-ref="txAdviceNew" pointcut="execution(* tw.com.softleader..*.*New(..))"/>
    </aop:config>
    
	<tx:advice id="txAdvice" transaction-manager="transactionManager">
		<tx:attributes>
			<tx:method name="get*" read-only="true"/>
			<tx:method name="*"/>
		</tx:attributes>
    </tx:advice>
    
    <tx:advice id="txAdviceNew" transaction-manager="transactionManager">
		<tx:attributes>
			<tx:method name="*" propagation="REQUIRES_NEW"/>
		</tx:attributes>
    </tx:advice>
    
</beans>
